{
  "rainfall_branch_dim": 101,
  "ks_branch_dim": 9,
  "heterogeneity_coefficients": [
    0.001230153371579945,
    0.2987455427646637,
    -0.27413785457611084,
    -0.8905918598175049,
    -0.454670786857605,
    -0.9916465282440186,
    0.0601436011493206,
    1.3402152061462402,
    -0.49220651388168335
  ]
}